Country,TotalSales
Netherlands,284661.54
EIRE,263276.8200000001
Germany,221698.2099999999
France,197403.90000000005
Australia,137077.26999999993
