Year,Month,TotalSales
2011,11,1461756.2500000263
2011,10,1070704.670000038
2011,9,1019687.6220000128
2010,12,748957.0199999774
2011,5,723333.5100000075
2011,6,691123.1200000147
2011,3,683267.0800000281
2011,8,682680.5100000143
2011,7,681300.1110000164
2011,1,560000.2600000256
2011,2,498062.6500000101
2011,4,493207.1210000249
2011,12,433668.0100000171
